GHG,Record low petroleum spill volume
GHG,1 percent for Environmental Stewardship
GHG,1 percent for environmental stewardship
GHG,Developed low carbon technology strategies
GHG,"health, environmental and safety 15 percent"
GHG,Working across our supply chain to minimize environmental impacts;
GHG,Reduction of the Company’s environmental footprint Met or Exceeded
GHG,"Introduced new standards and strategies on human rights, energy and climate change"
GHG,Environmental performance at target driven by Oil Spill Rate near high end of goal
GHG,Led work to accelerate our achievement of 100% renewable energy by a few years to FY21
GHG,"Strengthened energy & climate change, tailings management and water stewardship standards"
GHG,Greenhouse gas management  
GHG,On track to achieve flaring and methane intensity reductions
GHG,"A sustainable infrastructure to drive quality, environmental, health and safety performance"
GHG,"Develop, and begin implementation of, comprehensive strategy around greenhouse gas emissions"
GHG,Oversee the development and strategic planning for key climate-related sustainability initiative
GHG,This measure was based on the number of significant environmental enforcement actions during the year
GHG,"Continue emphasis on health, safety and the environment and reduction of incidents"
GHG,The emissions reduction goal supports our commitment to cleaner energy and our Value of Act for tomorrow
GHG,Recognized for significant sustainability efforts to utilize and promote the use of sustainable aviation fuel
GHG,Process safety and environmental 
GHG,Continued reduction in Loss of Containment events
GHG,"Superior performance that aligns effective and efficient environmental, health, and safety activities with operations"
GHG,Visa met its commitment to use 100% renewable energy by calendar year 2020 through energy sources such as solar and wind
GHG,"To reflect these important commitments, the 2014 performance measures include a new diversity and sustainability measure"
GHG,Performance shares earned based on achievement of reduction in carbon dioxide emissions will generally be paid in shares
GHG,"Obtained government policies favorable to ADM in renewable fuels, GMOs, commodity trading, and country-of-origin legislation"
GHG,"acquired companies providing energy engineering, energy supply management, and offsite renewable energy sourcing"
GHG,"Reportable Environmental Events"
GHG,"Environmental events that require notification to, or enforcement action by, a regulatory agency"
GHG,"Safety, waste costs, energy usage and costs, and sustainable product sales are part of these executives' annual performance review"
GHG,Progressed our sustainability efforts with the goal of reducing plastic in our packaging and optimizing our global carbon footprint
GHG,Launching a new enterprise-wide environmental sustainability strategy and advancing toward 2025 environmental sustainability targets
GHG,The new factor was chosen to align with the Company’s strategy to commit substantial investments that reduce greenhouse gas emissions
GHG,"new solar contracts above target, but completed solar construction below target 2"
GHG,We significantly advanced our clean energy leadership through the expansion of our offshore wind energy partnership with Ørsted
GHG,The environmental target highlights our commitment to reduce CO2 emissions in 2015 and make progress against our 2030 environmental goals
GHG,"10 percent goal related to health, safety, security and the environment, including methane emissions intensity and fresh water usage"
GHG,improving EOG’s strong safety and environmental record; 
GHG,Reduced both the recordable safety incident rate and the crude oil spill rate
GHG,"For example, our climate and environmentally-related goals support efficiency and conservation within our facilities and internal supply chain"
GHG,Achieving sustainability and health and safety goals by increasing energy efficiency and successfully implementing workplace safety initiatives;
GHG,"Health, environmental and safety 15% Personal safety Industry-leading 0.016 Days Away From Work Rate; gaps in severity remain"
GHG,Duke Energy incurred various expenses in connection with the Dan River coal ash spill and ash basin operations at other North Carolina coal plants
GHG,OLCV is focused on advancing low-carbon technologies and business solutions that economically grow Occidental’s business while reducing emissions
GHG,"This measure was based on the number of significant environmental enforcement actions during the year"
GHG,"The environmental excursions KPI measures fossil and nuclear environmental issues related to air emissions, water discharges, and unauthorized releases"
GHG,"Increasingly challenging targets can mean year-over-year performance target increases for safety, efficiency, emission reductions, unit cost and margins"
GHG,"The committee considered the environmental performance with respect to environmental penalties, reportable spills and releases, and notices of violation"
GHG,"In addition, the threshold of reportable quantity for environmental releases was changed from greater that 20% of reportable quantity to greater than 15%"
GHG,The environmental target highlights our commitment to reduce CO emissions in 2014 and make progress against our 2030 environmental goals
GHG,"Increasingly challenging targets can mean year-over-year performance target increases for safety, efficiency, emission reductions, unit cost targets, and margins"
GHG,"safe, clean, responsible days"
GHG,"defined as no serious events , no recordable injuries, and no spills to the environment experienced companywide"
GHG,"Progressed the Tanami power project, expected to lower energy costs and emissions by 20 percent while enabling further development of a world-class asset"
GHG,"The Company also made great progress on a number of sustainability initiatives, including lower energy consumption and a reduction in hazardous waste disposal costs"
GHG,"Set environmental targets, monitor the performance of our responsible investments and measure our progress toward improving the environmental footprint of our properties"
GHG,Enhancements include the introduction of further collaboration infrastructure which reduced the need for travel and other sustainable improvements to the Foster City campus
GHG,"As part of our continued commitment to environmental, social and governance issues, we have included stewardship metrics in our annual incentive programs for the last 12 years"
GHG,"Key observations included 62% year-over-year reduction in completions TRIR, 39% year-over-year reduction in drilling TRIRs, and a 38% year-over-year decrease in oil spill events"
GHG,"Continued year-over-year safety improvements and advanced our Corporate Responsibility and Sustainability efforts, including advancement against our Diversity and Inclusion goals"
GHG,workplace safety and emissions reduction
GHG,"Given the significant environmental impact of the Upstream portfolio, the environmental metric drives reduction of carbon dioxide emissions and strengthening Alcoa Inc.’s energy efficiency"
GHG,"Committing to verified Science Based Targets, which incorporates our goal to power 100% of our worldwide operations and the digital delivery of our products with renewable energy by 2035;"
GHG,Mr. Jamieson’s other notable accomplishments include sponsoring expansion of environmental and sustainability initiatives across the portfolio while serving on Kimco’s ESG Steering Committee
GHG,"Delivered $125 billion goal to mobilize capital to low-carbon, sustainable business activities six years ahead of schedule, announced new 10-year $300 billion environmental business commitment"
GHG,"The committee considered the environmental performance with respect to environmental penalties, reportable spills and releases, and notices of "
GHG,Doug Howell continued to implement and maintain expense savings initiatives critical to increasing our adjusted EBITDAC margin and successfully managed our tax-advantaged clean energy investments
GHG,"Environmental Sustainability: measured in terms of reductions in absolute greenhouse gas emissions and potable water use consumption, and solid waste diversion"
GHG,"Environmental, Health and Safety measures consisted of employee recordable incident rate, contractor recordable incident rate, preventable vehicle incident rate, spill rate, and lost spill rate"
GHG,"With regard to the diversity and environmental sustainability metric in the Short-Term Plan, Verizon’s public goal to reduce our carbon intensity, and our company-wide commitment to diversity and inclusion"
GHG,"Continued to significantly reduce the greenhouse gas emissions of our products and operations, while also convening industry leaders to develop long-term solutions aimed at solving global climate challenges"
GHG,"For the calculation of environmental incidents, the Compensation Committee also adjusted the performance targets to take into account a change in the method of reporting environmental emissions at one of our refineries"
GHG,"Each plant starts the year with a base number of zero and any non-compliance event adds a point and projects addressing climate change, clean air and protecting our resources can result in a maximum one point reduction"
GHG,"Health, Safety, Security, and Environmental: Apache is committed to ensuring it provides a safe workplace and instilling a culture of safety and environmental responsibility at every level of our organization"
GHG,"The Committee also selected diversity and sustainability metrics to reflect Verizon’s commitment to promoting diversity among our employees and our business partners, and to reducing the environmental impact of our operations"
GHG,"Environmental Excursions: Measures issues related to air emissions, water discharges, and unauthorized releases that exceed the allowable limitations, conditions or deadlines established in the facilities’ environmental permits"
GHG,"We use our annual bonus program to encourage achievement of specified strategic and operational objectives and focus on those objectives to help us achieve our mission of enabling a world powered by clean, affordable solar electricity"
GHG,Announced a new science-based carbon emissions reduction target: 
GHG,"By 2030, the Company aims to reduce its total carbon emissions across its full value chain 25% below where they were in 2015, aligned with the goals of the Paris Agreement"
GHG,"37.5 percent of performance share awards are subject to the achievement of specified reductions in carbon emissions over the three-year performance cycle ending on December 31, 2017"
GHG,"The Company continued to make significant strides in its sustainability performance with spills and releases down nearly 10%, waste generation down 18%, energy reduction down 3%; although, the injury performance of the company was up marginally"
GHG,"Improve strong safety and environmental record, including a reduction in methane and GHG intensity rates Reduced recordable incident rate, oil spill rates and methane and GHG intensity rates below lowest previous levels"
GHG,Hess’s sustainability practices continue to be recognized by third-party organizations
GHG,"Hess earned leadership status in CDP’s 2017 Global Climate Analysis, the only U.S. oil and gas producer to do so "
GHG,"Further, he helped develop a pathway to science-based emission intensity reduction targets, exceeded local and local-local procurement commitments and ensured full implementation and compliance with updated ICMM Tailings Standards across the business"
GHG,"Operational Designated Environmental Incidents Measures environmental performance and consists of tracking certain:"
GHG,"releases of hazardous substances into air, water or land"
GHG,"Next-generation biomanufacturing plants have a smaller manufacturing footprint and reduce environmental impact, including reducing consumption of water and energy and lower levels of carbon emissions"
GHG,"Valero’s achievements in the areas of health, safety, and environmental stewardship including environmental scorecard incidents, process safety incidents, reportable spills, environmental management system scores, and health & safety management system scores;"
GHG,"Additionally, we believe our ongoing commitment to health, environment and safety is appropriately captured in both our quantitative and strategic metrics under the Total Recordable Incident Rate metric and Safe, Clean and Responsible Day metrics, respectively"
GHG,"Strengthened climate risk capability with the acquisition of Carbon Delta AG, an environmental-focused investment analytics company, that wil l allow MSCI to enhance its ESG offerings and create an extensive climate risk assessme nt and reporting offering"
GHG,"The Environmental Performance Metric is new in 2020 and continues our focus on environmental performance, the reduction of greenhouse gasses, and is aligned with our core value of being responsible stewards around the environment and the products we transport"
GHG,"The Committees shared a desire to implement a measurable, quantitative component that is aligned with our 2030 goal of 50% reduction in GHG emissions, as well as a qualitative component that incentivizes behaviors to get us to our goal of low- to no-carbon emissions by 2050"
GHG,"Environmental targets are established by setting a target that contemplates the number of notices of violations, reportable spills, or non-compliance events at each Regional plant, such as air emissions exceedance, waste water non-compliance, or administrative non-compliance"
GHG,"A renewables energy yield metric, calculated by comparing actual generation to expected generation based on the wind speed measured at the turbine and by calculating the actual generation to expected generation based on solar intensity measures at the panels"
GHG,"Finally, we established goals against our energy, water, and solid waste use for our global operations and sought more efficient ways to produce and package our products for the metric  relating  to  reduction  of  the  Company’s environmental footprint"
GHG,"As a result of Mr. Flanagan’s commitment to further strengthening our Environmental, Sustainability and Governance efforts, Invesco earned an A+ rating in PRI for its overall approach to responsible investment for the third consecutive year"
GHG,"The metrics below measure our success in meeting our goals for the health and safety of our employees, contractors and neighboring communities, while continuously improving on our environmental stewardship commitment by minimizing our environmental impact"
GHG,"Health, safety and environmental - exceeded the goal"
GHG,the Company reduced volumes of spills;
GHG, completed an internal environmental culture assessment across all business units and a related implementation plan; 
GHG,"and aligned safety processes such as onboarding, training and risk assessments of third party contractors"
GHG,"HSE goals were focused on emissions strategies, hazard identification, enhancing the incident root cause analysis process, and implementing a safe driving program, with the payout percentage being primarily based on input from the Health, Safety and Environment Committee as to its evaluation of Company performance"
GHG,"With regard to the social responsibility category, the committee considered a corporate-level human rights impact assessment to further integrate the UN Guiding Principles on Business and Human Rights into our programs, investment in community programs, and third-party feedback and recognition of sustainability programs"
GHG,"AREER is defined as the total number of releases and excess emission events that trigger a federal, state or local environmental reporting requirement per 200,000 work-hours"
GHG,"Supported our best-in-class Sustainability program, which achieved 2019 goal of driving 10% improvement in greenhouse gas intensity and set more aggressive “10-10-10” targets to be achieved by 2024 "
GHG,Programs such as our “Aim for Zero” initiative and our reductions in methane emissions intensity and fresh water usage empower our employees to maintain a sustainable culture where we expect everyone to conduct business with minimal impact to the environment and return home safely at the end of each day
GHG,and his oversight and leadership of our efforts to develop and implement renewable energy initiatives including our participation and leadership in developing legislation related to renewable energy in South Carolina
GHG,"Oversight of industry-leading sustainability initiatives and programming Our industry-leading sustainability initiatives and programming directly benefit our tenants, employees, and communities and create long-term value for our stockholders"
GHG,"contract 150 megawatts and complete construction of 122 MW of distributed solar projects"
GHG,complete 20 MW of community solar projects and 20 MW of rural cooperative projects
GHG,"The Compensation Committee expanded the Safety/Environmental objective of the Annual Cash Incentive award in 2018 to include a sustainability metric, with target performance conditioned on the demonstrable advancement of commercial opportunities for CCUS, which is an important feature of Occidental’s strategy to reduce its greenhouse gas emissions while growing its business"
GHG,"combined service reliability and restoration goals, weighted at 50  percent, and combined safety ratings, gas service response, diversity promotions and hires of leadership employee positions goals, and sustainability and customer and clean energy initiatives, weighted at 50 percent"
GHG,Proactively addressing climate change by conducting carbon asset risk scenario planning
GHG,demonstrating leadership in the industry by updating our climate change position
GHG,decreasing flaring and greenhouse gas emission (GHG) intensities
GHG,commissioning Hess GHG Taskforce to evaluate additional emission reduction opportunities and advocating for a clearly articulated climate change position for the industry
GHG,"The Sustainability metric will combine a new GHG Intensity metric that measures our incremental progress toward our greenhouse gas emissions intensity reduction goals together with a number of existing safety- and environmental-related metrics into a consolidated Sustainability metric"
GHG,"Published our 21st annual Sustainability Report and Hess’ sustainability practices continue to be recognized by third party organizations"
GHG, Hess earned leadership status in CDP’s 2018 Global Climate Analysis, the only U.S. oil and gas producer to do so and was includ edin Corporate Responsibility Magazine’s 100 Best Corporate Citizens for the 11th consecutive year Corporate Reputation and Relationship Building
GHG,"initiated a strategy to reduce emissions across business units"
GHG,"Directed the release of the Company’s inaugural Task Force on Climate-related Financial Disclosures report in 2019, providing transparency to market participants on our management of financially material climate-related risks and opportunities, and launched a TCFD Committee to support ongoing monitoring of enterprise-wide climate-related risks and identification of opportunities to drive revenue growth on climate- related products and services"
GHG,"Health, safety and environmental - exceeded the goals; as noted by the Health, Safety and Environment Committee, the Company implemented a number of safety initiatives, including a process to reduce workplace incidents and hazards through enhancing the quality and effectiveness of the incident management process, and continued to support innovative technology solutions to address environmental risks and improve performance, including leak detection surveys"
GHG,"AREER is defined as the total number of releases and excess emission events that trigger a federal, state or local environmental reporting requirement, divided by the applicable number of “capacity units”"
GHG,"Notable Addition of Environmental and Sustainability Performance Measures to the 2020 Cash Incentive Award Goals for Messrs. Marcus, S. Richardson, and Moglia In furtherance of our sustainability mission to make a positive impact on society by developing and operating efficient buildings, managing climate risk and advancing human health and nutrition, our Compensation Committee added the following environmental and sustainability goals to Messrs. Marcus’s, Richardson’s, and Moglia’s 2020 annual cash incentive awards:"
GHG,"D. Petratis Top quartile financial performance as compared to Allegion peer group and key indices Refreshed Allegion’s global strategy and proactively communi cated to the investment community, shareholders and employees Continued excellence in industry leading safety results and sustainability efforts with a focus on reduction of energy usage and waste Established a global system of customer satisfaction and quali ty with common metrics across Allegion Significant increase in employee engagement as measured by the Gallup Engagement Census P. S."
GHG,"Continued refining and executing development plans for key leaders and potential successors; began implementing new leadership structure; and successfully executed key leadership transitions Sustainability/Diversity – Make progress towards achieving 2025 sustainability goals, including reduce greenhouse gas emissions by 3%; ensure at least 90% of sites are landfill-free; develop accelerated roadmap in LGM to enable greater recyclability of consumer packaged goods; and assess and implement gender pay equality 15% Achieved overall objective"
Irrelevant,Greenhouse Gas (GHG) Emissions
Irrelevant,refinery flare emissions data; and
Irrelevant,environmental resources we manage
Irrelevant,Reduced carbon emissions by 35% since 2005
Irrelevant,Increase corporate environmental disclosure
Irrelevant,an excellent environmental and safety record
Irrelevant,an excellent environmental and safety record
Irrelevant,"Health, Safety, Security, and Environmental: 5%"
Irrelevant,Supply Chain Environmental Sustainability Goal
Irrelevant,"Health, Safety, Security, and Environmental: 10%"
Irrelevant,Industry leader in safety and environmental issues
Irrelevant,No significant process safety or environmental events
Irrelevant,"Continue emphasis on health, safety and the environment"
Irrelevant,"o Continue emphasis on health, safety and the environment"
Irrelevant,"Reduced CO2 emissions from shipboard operations by 20%, and"
Irrelevant,"Health, Safety, and Environmental (2) 13.33%  27.41% III"
Irrelevant,environmental pollution liabilities were ceded to a reinsurer
Irrelevant,"Valero’s achievements in health, safety, and environmental concerns;"
Irrelevant,"Emphasize and improve health, safety and environmental practices Good"
Irrelevant,"Valero’s achievements in the areas of health, safety, and environmental;"
Irrelevant,"Valero’s achievements in the areas of health, safety, and environmental;"
Irrelevant,"Continue focus on and improve health, safety and the environment metrics"
Irrelevant,"Continue emphasis on health, safety and the environment"
Irrelevant,Targeting carbon emissions reductions of at least 80% below 2005 levels by 2050
Irrelevant,"Reinforce adherence to high ethical, environmental, health and safety standards"
Irrelevant,Companies are increasingly turning to renewable energy to power their operations
Irrelevant,Superior performance in sustainable development including environmental stewardship
Irrelevant,Project plans are in place to further reduce greenhouse gas emissions by 20% by 2020
Irrelevant,year-over-year GHG emissions data from our refining operations and total operations;
Irrelevant,as AES is focused on building a sustainable energy company through a lower carbon model
Irrelevant,"The number (or absence) of injuries, process safety incidents and environmental incidents;"
Irrelevant,"In 2014, total GHG emissions for legacy operations were essentially flat compared to 2008"
Irrelevant,"c2c safety interactions were 95,353 in 2019 and the safety c2c participation rate was 29.5%"
Irrelevant,FMC recognized with multiple American Chemical Council awards for safety and sustainability
Irrelevant,Recognition for broad sustainability programs by inclusion in Dow Jones Sustainability Index
Irrelevant,"This includes reducing our greenhouse gas emission, energy consumption, and waste consumption"
Irrelevant,"Implementation of projects at manufacturing operations to reduce waste, and water consumption"
Irrelevant,"Environmental events were down 26 percent from 2013, marking 10 years of sustained reductions"
Irrelevant,Maintained world class safety performance with a 17% reduction in commercial vehicle incident rate
Irrelevant,We continued to make progress toward our commitment to improve diversity across our global business
Irrelevant,year-over-year criteria pollutant emissions data from our refining operations and total operations;
Irrelevant,"We provide data to CDP annually on our energy use, waste management and our greenhouse gas emissions"
Irrelevant,"For 2020, we also are introducing environmental goals related to climate change and water stewardship"
Irrelevant,Sales of green pulsed lasers used to improve solar cell efficiency increased by more than 60% in 2019
Irrelevant,"percentage we expect to continue to increase, and another 9% consists of renewables, oil, and pet coke"
Irrelevant,Examples include the MIT Energy Initiative and Global Climate and Energy Project at Stanford University
Irrelevant,SMRs can help achieve carbon reduction while playing a significant role in meeting future energy demands
Irrelevant,Reaffirming our sustainability leadership with a CDP “A” climate list rating and EcoVadis “Gold” status; and
Irrelevant,Improve strong safety and environmental record  Reduced recordable incident rate below 2016 and 2017 levels
Irrelevant,"Corporate leaders, including ten oil and gas companies, support a policy framework to limit warming to 2"
Irrelevant,"In 2015, Cimarex continued to emphasize safety and environmental responsibility at every level of the organization"
Irrelevant,"In 2014, Cimarex continued to emphasize safety and environmental responsibility at every level of the organization"
Irrelevant,the execution of the Company’s strategy resulted in a 17% decline in AES’ global carbon emissions from 2012 to 2015;
Irrelevant,virtually all of its legacy asbestos and environmental pollution liabilities were ceded to a reinsurer
Irrelevant,"Superior performance that aligns effective and efficient environmental, health, and safety activities with operations"
Irrelevant,Major focus on greenhouse gas emissions reduction and a record of technology advancement dating back to the 1960s
Irrelevant,MPC established the Focus on Energy Initiative in 2010 to bolster our commitment to improving efficiency of operations
Irrelevant,"PepsiCo is committed to action on climate change, and we address this issue in a holistic manner across our operations"
Irrelevant,"Environment: Committed to sustainability through reduced energy consumption, water use, greenhouse gas emissions and waste"
Irrelevant,"Outstanding environmental and regulatory compliance results, sustainability initiatives, and cybersecurity protections"
Irrelevant,"The earned percentages are based on the number (or absence) of injuries, process safety incidents and environmental incidents"
Irrelevant,A quantitative assessment of our strategic achievements in areas of stewardship (safety and environmental responsibility); and
Irrelevant,"While we have developed a safety and environmental culture that is responsible and responsive, our 2015 incident rate increased"
Irrelevant,MetLife’s ongoing commitment to sustainability as well as to diversity and inclusion has been recognized by leading organizations
Irrelevant,"Safety, waste costs, energy usage and costs, and sustainable product sales are part of these executives’ annual performance review"
Irrelevant,"For the past several years, our NEO’s bonus program included ambitious targets to improve safety and environmental goals every year"
Irrelevant,"Energy & Transportation OPACC of $3,021 million for 2014 exceeded the maximum level and resulted in a payout factor of 200 percent"
Irrelevant,We beat our stretch objective by 5 percent and achieved the lowest number of reportable environmental events in our Company history
Irrelevant,"These programs have offset ove r 74,422 metric tons of greenhouse gas emissions, equivalent to saving 8.4 million gallons of gasoline"
Irrelevant,"Currently, PepsiCo is developing new environmental sustainability targets that address climate change GHG emissions and energy efficiency"
Irrelevant,"In addition, environmental capital projects that generate a regulated rate of return are excluded from the definition of Environmental CapEx"
Irrelevant,"In addition, environmental capital projects that generate a regulated rate of return are excluded from the definition of Environmental CapEx"
Irrelevant,Companies across sectors are establishing “science-based” GHG reduction targets to limit emissions as needed to align with 2°C warming
Irrelevant,"Environmental performance, with reference to environmental events and penalties, reportable spills and releases, and notices of violation, and"
Irrelevant,Advocate for policies and rules that fairly compensate the utility and generation business while supporting appropriate environmental standards
Irrelevant,This new environmental disclosure achieves our goals of being transparent and having metrics against which we can both test ourselves and improve
Irrelevant,Implementation of energy conservation projects to reduce energy intensity (KWh per unit output) and minimize the carbon footprint of each facility
Irrelevant,"The 2014 IPCC Synthesis Report warns that global warming will have “severe, pervasive and irreversible impacts for people and ecosystems.”"
Irrelevant,"In response to an EPA enforcement initiative, MPC led the industry by working with the EPA to significantly reduce emissions from flaring operations"
Irrelevant,Achieving sustainability and health and safety goals by increasing energy efficiency and successfully implementing workplace safety initiatives; and
Irrelevant,The technology and operational efficiency goal also was separated into two sub-goals: environmental leadership and operational efficiency improvement
Irrelevant,"objectively determinable corporate value and sustainability measures, including compliance, safety, environmental and personnel matters; and"
Irrelevant,The costs of failing to address climate change are significant and are estimated to have an average value at risk of $4.2 trillion globally
Irrelevant,"Messrs. Farrell, Chapman, McGettrick, Koonce and Blue met their discretionary environmental goal, which related to environmental sustainability issues"
Irrelevant,Set a new long-term goal to reduce the rate of methane e missions from our natural gas distribution lines by 30% per mil e from a 2011 baseline by 2030
Irrelevant,"Continued successful fuel conservation initiatives, which have allowed us to reduce the rate of fuel consumption by more than 24% compared to fiscal 2007,"
Irrelevant,"In February 2017, the Board added to the Environmental Committee’s charter the responsibility to regularly review climate-related risks and opportunities"
Irrelevant,"At COP 21, world leaders made significant commitments to reduce greenhouse emissions and initiated discussions to implement carbon pricing policies"
Irrelevant,Global governments have recognized the severe risks associated with a warming climate and the need to limit warming to 2 degrees Celsius or less
Irrelevant,"Table of Contents In the near-term, ExxonMobil is working to increase energy efficiency and reduce flaring, venting and fugitive emissions in its operations"
Irrelevant,Continued efforts to reduce UTC’s global environmental impact by setting aggressive sustainability goals and supporting the development of green technologies
Irrelevant,Occidental has been reporting its climate risk strategy and related data to CDP (formerly known as the Carbon Disclosure Project) since its inception in 2003
Irrelevant,We recognize that limiting global warming to 2° Celsius is critical to our future and are committed to implementing solutions that will help achieve this goal
Irrelevant,"Health, Safety and Environmental (“HSE”)—We seek to be a good employer, good community member and good steward of the environmental resources we manage"
Irrelevant,"Further, management should, be incentivized to adopt a stable, long-term revenue path that includes replacing carbon holdings with renewable energy"
Irrelevant,These price forecasts factor in supply and demand in global markets and consider the market penetration of alternative fuels and potential climate change policies
Irrelevant,Occidental is actively developing projects that will capture CO 2 emissions for use in our EOR operations and we are seeking other economic industrial sources of CO 2
Irrelevant,"Leaks, spills, explosions and community impacts have led to bans and moratoria in the U.S. and around the globe, putting the industry’s social license to operate at risk"
Irrelevant,"As worldwide energy needs grow, it is becoming increasingly likely that such demand will be met with a much greater amount of renewable energy"
Irrelevant,"Commitments on record should reduce projected warming from 4°C to an estimated 2.7 – 3.5°C, and these commitments may be “ratcheted” up to align with 2°C warming"
Irrelevant,Available energy generation is the energy that could have been produced under reference ambient conditions considering only limitations within control of plant management
Irrelevant,Available energy generation is the energy that could have been produced under reference ambient conditions considering only limitations within control of plant management
Irrelevant,"Also considered was the Company’s year-over- year performance in the areas of process safety incidents, TRIR and environmental incidents and the severity of any incidents"
Irrelevant,"A quantitative and qualitative assessment of our strategic achievements in areas of stewardship (safety, environmental responsibility, sustainability, and governance); and"
Irrelevant,"We measure ourselves against others in our industry for safety metrics, target sustained performance in environmental stewardship, and effectively manage unplanned downtime"
Irrelevant,"Launching our biennial sustainability report and setting an enhanced greenhouse gas emission reduction target of 27 percent by 2030, compared to a 2017 baseline"
Irrelevant,We measure ourselves compared to industry averages for safety and process safety measures and target a 10 percent improvement in environmental events compared to prior years
Irrelevant,This TRIR impact resulted in overall payout at 88% of target despite PSIR that matched the Company’s record performance in 2018 and a sharp reduction in environmental incidents
Irrelevant,"As part of our continued commitment to environmental, so cial and governance issues, we have included stewardship m etrics in our annual incentive programs for the last 12 years"
Irrelevant,"Compensation should take into account each executive’s responsibility to act at all times in accordance with our Code of Ethics and our environmental, health and safety objectives"
Irrelevant,"In July 2015, PepsiCo became one of the first companies to join the American Business Act on Climate Pledge, a White House initiative to curb GHG emissions and invest in clean energy"
Irrelevant,"Compensation should take into account each executive’s responsibility to act at all times in accordance with our Code of Ethics and our environmental, health and safety objectives"
Irrelevant,Environmental Events: The Compensation Committee considered that in the industries in which we operate there is increasingly stringent regulation and scrutiny on environmental performance
Irrelevant,Ranked as the top company in California and third in the nation for energy efficiency in the American Council for an Energy Efficiency Economy’s Utility Energy Efficiency Scorecard
Irrelevant,"AES is introducing cheaper, cleaner natural gas to markets that currently rely on petroleum fuels for electricity generation, creating environmental and social benefits for all stakeholders"
Irrelevant,Safety – Risk Reduction 10% Ÿ The safety and sustainability metric transitioned from the Manag ement System Effectiveness assessment (MSeA) to a risk reduction metric with a MSeA qualifier
Irrelevant,"Include absolute GHG reduction goals for operations, detailing targets for reducing fugitive methane emissions and flaring, improving energy efficiency, and increasing use of renewable energy;"
Irrelevant,"The Environmental, Health & Safety group also performed admirably while working with our Operations group to prevent environmental damage following the breach of an Army Corps of Engineers levy"
Irrelevant,"Excellent operational performance—strong health, environment and safety performance; two percent increase in net oil-equivalent production compared to 2014; 107 percent reserve replacement ratio"
Irrelevant,"HSE Performance for Award Units The health, safety and environmental performance of Award Units is judged on absolute performance and trends in performance, with a goal of continuous improvement"
Irrelevant,Scope1GHG are greenhouse gas emissions from sources owned or controlled by Prologis and Scope2GHG are indirect greenhouse gas emissions associated with consumption of purchased electricity and gas
Irrelevant,"Lastly, Chevron must manage emissions from combustion of its products, which were 358 million metric tons of CO2 equivalent in 2014, accounting for over 85% of its GHG emissions"
Irrelevant,"The LOE and Controllable G&A performance goal from the 2015 AIP was renamed Controllable Cash Costs and expanded to include gathering, processing and marketing costs and oil and gas transportation costs"
Irrelevant,"Our plan includes retiring appro ximately 1,800 MWs of coal generation by 2020 and adding additional natural gas- fired generating units and renewable generation, includi ng utility-scale solar projects"
Irrelevant,"Adapting distribution focus around sustainability and environmental, social and governance (ESG) to align with Franklin Templeton’s integrated approach to responsible investing for better client outcomes"
Irrelevant,"Oil and gas production for the year beat the Company’s goal without compromising performance on environmental, health and safety measures or materially outspending capital expenditure targets"
Irrelevant,"For metrics for which comparative data was not available, like asset availability and environmental events, we established our threshold, target, and maximum goals based on our own historical performance"
Irrelevant,"In 2010, CNA entered into a loss portfolio transfer transaction pursuant to which virtually all of its legacy asbestos and environmental pollution liabilities were ceded to a reinsurer"
Irrelevant,"Furthered our environmental efforts by successfully testing a new exhaust gas cleaning system technology that exceeds stricter air emissions standards, as well as mitigating higher fuel costs on our ships,"
Irrelevant,"These objectives covered such subject matters as anti-corruption, anti-money laundering, responsible sourcing, food safety, environmental compliance, health and safety compliance, and licensing and permits"
Irrelevant,Occupational safety was measured as employee lost time away from work; process safety was measured by severity score; and environmental responsibility was measured by the number of our environmental incidents
Irrelevant,"Received considerable recognition for on-going efforts in the area of environmental, social, and governance performance and helped to compile our inaugural Corporate Responsibility Report"
Irrelevant,"Achieved 208 Perfect Health Safety and Environment (""HSE"") days (no recordable injuries, no vehicle accidents, and no harm to the environment) for all of 2016 in spite of extremely difficult business conditions"
Irrelevant,"We are concerned Pepsico, Inc. may be lagging behind peers with renewable energy goals like Coca-Cola that currently has a target to source 35% of manufacturing energy from renewable/low-carbon sources by 2020"
Irrelevant,"Ameren’s strategy is to invest in rate-regulated energy infrastructure, continuously improve operating performance, and advocate for responsible energy policies to deliver superior customer and shareholder value"
Irrelevant,"Ameren’s strategy is to invest in rate-regulated energy infrastructure, continuously improve operating performance, and advocate for responsible energy policies to deliver superior customer and shareholder value"
Irrelevant,"By setting renewable energy commitments, the company can strengthen its current climate change strategy, reduce the company’s exposure to fluctuating energy prices and move it closer to achieving GHG reductions"
Irrelevant,"As a first step toward reducing our overall GHG emissions while growing our business, PepsiCo set a target of holding direct and indirect GHG emissions flat against a 2008 baseline, even while growing the business"
Irrelevant,"Operating Excellence Operating excellence, including personal and proces s safety, environmental stewardship and asset availability, is critical to meeting our corporate strategy of growth, returns and distributions"
Irrelevant,"environmental, including, among other things, one or more of improvement in, or attainment of, emissions levels, project completion milestones and prevention of significant environmental violations;"
Irrelevant,"This result is reflective of our very strong relative TSR performance and achievement of our environmental commitment to reduce carbon dioxide emissions, as described in the Long-Term Incentives section on pages 35 to 36"
Irrelevant,"Work across disciplines, industries and sectors, with employees, customers, suppliers and a range of other stakeholders to get more output utilizing fewer resources and with less environmental impact Relative Performance:"
Irrelevant,"Our adjusted core return on equity, excluding catastrophes and prior year reserve development related to asbestos and environmental coverages, was 15.0%, which was significantly higher than our target of 13.0%"
Irrelevant,"We are committed to excellent water quality, protecting the environment and maintaining our history of materially complying with, and in many cases, surpassing, minimum standards required by applicable laws and regulations"
Irrelevant,"We are committed to excellent water quality, protecting the environment and maintaining our history of materially complying with, and in many cases, surpassing, minimum standards required by applicable laws and regulations"
Irrelevant,At least 178 countries submitted Intended Nationally Determined Contributions (INDCs) to the UN detailing plans to cut GHG emissions in preparation for the December 2015 Paris Climate Negotiations
Irrelevant,"Operating Excellence Operating excellence, including personal and process safety as well as environmental stewardship and asset availability, is critical to meeting our corporate strategy of growth, returns and distributions"
Irrelevant," Health, Safety, Security, and Environmental: Apache is committed to ensuring it provides a safe workplace and instilling a culture of safety and environmental responsibility at every level of our organization"
Irrelevant,"Safety/Environmental Metrics Description Reportable Environmental Events REE refers to environmental events resulting from Duke Energy operations that require notification to, or enforcement action by, a regulatory agency"
Irrelevant,"The Committee also selected a diversity and sustainability metric to reflect Verizon’s commitment to promoting diversity among our employees and our business partners, and to reducing the environmental impact of our operations"
Irrelevant,"Reinforce adherence to high ethical, environmental, health and safety standards The performance scorecard bonus component may include specific business goal targets related to health, safety and the environment (""HSE"")"
Irrelevant,CCS technologies have been recognized by the Intergovernmental Panel on Climate Change (IPCC) as essential in the mix of climate mitigation technologies needed to limit the global increase in temperature to 2 degrees Celsius
Irrelevant,"We believe the additional weighting allocated to this measure has better focused our organization on behaviors aimed at preventing safety incidents and progressing with respect to other EHSS initiatives, including sustainability"
Irrelevant,"As of 2013, MPC’s efforts resulted in an 83 percent reduction in emissions of volatile organic compounds, a 72 percent reduction in emissions of hazardous air pollutants and a 56 percent reduction in GHG emissions from our flares"
Irrelevant,"Renew Blue Priorities:   Waste and Efficiency (1) 10% Annualized net year-over-year cost savings (gross savings less reinvestment, compared to fiscal 2015 expense) of cost reduction actions put into effect in fiscal 2016"
Irrelevant,"Payout at 141% of target was based on top decile industry performance; an injury rate that tracked even with, and a process safety incident rate that improved upon, 2016; and a record-low number of environmental incidents recorded"
Irrelevant,"Valero’s performance score for 2017 for this category was 84.77 percent (versus a target score of 40.00 percent) and reflects best-ever performance in the health, safety, and environmental, and the mechanical availability measures"
Irrelevant,"Climate change induced transitions are already occurring in energy markets in the form of rapid energy efficiency increases, decreasing costs of renewables, and disruptive technology development such as electric vehicles"
Irrelevant,"Safety/Environmental Metrics Description Reportable Environmental Events (REE) REE refers to environmental events resulting from Duke Energy operations that require notification to, or enforcement action by, a regulatory agency"
Irrelevant,"Valero’s performance score for 2016 for this category was 84.82 percent (versus a target score of 40.00 percent) and reflects best-ever performance in the health, safety, and environmental, and the mechanical availability measures"
Irrelevant,"Safety consists of three distinct measures: (i) Fluor's days away, restricted and transfer (""DART"") incidence rate, (ii) Fluor's total recordable case incidence rate and (iii) Fluor's health, safety and environmental (HSE) audit score"
Irrelevant,"Profit center participants are also subject to an adjustment ranging from a potential 5% increase for exceptional safety performance to a 20% deduction for their operations’ failure to achieve safety, audit and environmental standards"
Irrelevant,"improvements in the Company’s environmental performance including a planned reduction of AES’ U.S. carbon emissions by 20% to 30% by 2018, as compared to 2012 through projects currently under construction and completed partnerships; and"
Irrelevant,"Safety consists of three distinct measures: (i) Fluor's days away, restricted and transfer (""DART"") incidence rate, (ii) Fluor's total recordable case incidence rate and (iii) Fluor's health, safety and environmental (""HSE"") audit score"
Irrelevant,"Safety consists of three distinct measures: (i) Fluor's days away, restricted and transfer (""DART"") incidence rate, (ii) Fluor's total recordable case incidence rate and (iii) Fluor's health, safety and environmental (""HSE"") audit score"
Irrelevant,"Profit center participants are also subject to an a djustment ranging from a potential 5% increase for exceptio nal safety performance to a 20% deduction for their operations’ failure to achieve safety, audit and environmental standards"
Irrelevant,Programs such as our “Aim for Zero” initiative seek to empow er our employees to maintain a sustainable culture where everyone returns home safely at the end of the day and conducts business with minimal impact to the environment
Irrelevant,Programs such as our “Aim for Zero” initiative seek to empower our employees to maintain a sustainable culture where everyone returns home safely at the end of the day and conducts business with no impact to the environment
Irrelevant,"Maintained unwavering commitment to our Health, Safety and Environment program and, once again, the Dow Jones Sustainability Index recognized Halliburton as best in class as it relates to the environment (leadership and vision);"
Irrelevant,"Areas of notable investment include new or expanded manufacturing capacity for our family of low-global warming line of refrigerants, blowing agents, aerosols and solvents, as well as catalysts to serve our Chinese petrochemical customers"
Irrelevant,Climate Change: We set a goal to reduce absolute greenhouse gas (GHG) emissions across our full value chain by 28% by 2025 from 2010 levels and to achieve sustainable emission levels in-line with scientific consensus by 2050
Irrelevant,"As we continue to enhance our disclosures to address climate- related risks and opportunities, we are guided by the four elements of the Financial Stability Board’s Recommendations of the Task Force on Climate-related Financial Disclosures"
Irrelevant,The Board asserts that it is essential to apply ExxonMobil’s technical and management capabilities to efficiently meet growing global demand for energy and to pursue technical solutions to address GHG emissions and the risks of climate change
Irrelevant,PepsiCo is a signatory of leading climate change initiatives including the Climate Declaration of Ceres’ Business for Innovative Climate & Energy Policy (BICEP) and the Trillion Tonne Communiqué of the Prince of Wales’s Corporate Leaders Group
Irrelevant,"These objectives covered such subject matters as anti-corruption, anti-money laundering, health and wellness compliance, environmental compliance, health and safety compliance, labor and employment compliance, and licensing and permits"
Irrelevant,"In general, energy is required to produce and process oil and gas, so increases in production volumes that are needed to meet the world’s rising need for energy will lead to increases in emissions from our operations and from end use by customers"
Irrelevant,"Health, Safety, Security, and Environmental: Apache is committed to ensuring it provides a safe workplace and that a culture of safety and environmental responsibility is instilled at every level of our organization"
Irrelevant,"Profit center participants are also subject to an adjustment ranging from a potential 5% increase for exceptional safety performance to a 20% deduction for their operations’ failure to achieve safety, audit and environmental standards"
Irrelevant,"11/14/2020 DEF 14A https://www.sec.gov/Archives/edgar/data/0001578845/000119312517095797/d354425ddef14a.htm 44/113 Table of Contents   As a company, we’ve set an ambitious goal to further reduce our sustainability impact by 20% by 2020 (compared to 2015)"
Irrelevant,The Compensation Committee primarily considers the Company’s performance in personal safety (70%) and process safety (30%) and has discretion to adjust the resulting payout to account for environmental incidents and extraordinary trends and circumstances
Irrelevant,Payout at 120% of target was based on top decile industry performance; a record year for the Company in number of injuries per workhours and improvement over 2015; process safety record among the best in industry; and holding environmental incidents flat
Irrelevant,"This commitment has driven us to design, engineer, and manufacture highly innovative and efficient products in an environmentally responsible manner that helps reduce energy consumption, conserve water, and improve drinking water quality and public health"
Irrelevant,"These objectives covered such subject matters as anti-corruption, anti-money laundering, health and wellness compliance, food safety, environmental compliance, health and safety compliance, trade complianc e, and licensing and permits"
Irrelevant,"In addition, Occidental’s industry-leading projects to profit from carbon capture and storage (CCS) and use of carbon dioxide (CO 2 ) for enhanced oil recovery (EOR) puts us in a position to do well in – and not just survive – a carbon constrained future"
Irrelevant,"Operational (absolute) Designated Environmental Incidents Measures environmental performance and consists of tracking certain: a) releases of hazardous substances into air, water or land; b) permit exceedances; and c) government agency enforcement actions"
Irrelevant,"To be accurate, goals for absolute GHG emissions would need to reflect the coincident impact of largely unforeseeable factors that influence year-to-year changes in market demand, including macroeconomic issues, weather, and responses by national oil companies"
Irrelevant,"We plan to invest a total of more than $400 million in environmental projects at this refinery over the next five years and anticipate these improvements will significantly reduce emissions of GHGs, criteria pollutants and hazardous air pollutants from that plant"
Irrelevant,"Profit center participants are also subject to an adjustment ranging from a potential 5% increase for exceptional safety performance to a 20% deduction for their operations’ failure to achieve safety, audit and environmental standards"
Irrelevant,"Profit center participants are also subject to an adjustment ranging from a potential 5% increase for exceptional safety performance to a 20% deduction for their operations’ failure to achieve safety, audit and environmental standards"
Irrelevant,"Aligned to growth 50%/Budget/200% (2) Maximum  175% (1) Includes 4 metrics (equally weighted): Integrity Critical Equipment (ICE) performance standard implementation, high potential incident rate for safety and environmental and asset integrity assessments"
Irrelevant,"The November 2016 Strategy Presentation discusses the importance of sustainability in AES’ operations and investment program, describes AES’ governance with regard to sustainability and discloses the progress AES has made with regard to emissions, including the fact that:"
Irrelevant,"minus energy efficiency costs (which includes mandated spending and tracked costs but excludes bonus achievement for conservation incentive program costs, energy efficiency costs, gas affordability program and any similar newly approved regulatory mechanisms);"
Irrelevant,"We encourage reporting of all incidents involving our employees and contractors (including near misses) and the use of Stop Work Authority, and we have used examples of incidents reported as a vehicle to educate our employees and contractors and to improve our HS&E practices"
Irrelevant,"Environment 0%   72.1% The performance for the stewardship metrics (occupational safety, process safety and environmental responsibility) was determined by the Committee’s quantitative assessment of the level of achievement for the three different stewardship objectives"
Irrelevant,"During 2015, we advanced our mission to improve the health and safety of people and the environment and positioned ourselves for future growth by expanding our product offering, investing in innovation, and enhancing our organizational responsiveness to the needs of our customers"
Irrelevant,"Occidental’s board has an Environmental, Health and Safety Committee, which reviews and discusses with management the status of environmental, health and safety issues, including climate-related matters, and monitors Occidental’s compliance with applicable laws and regulations"
Irrelevant,"Continued progress on the three focus areas of sustainability: women, water and well-being, including acceleration of the 5by20 program to empower women entrepreneurs, progress ahead of goals on water stewardship, and increasing global volume of low - and no- calorie offerings"
Irrelevant,"Environmental Leadership 10.0% 15x (0.0%) 20x (10.0%) 25x (15.0%) 5x (0%) Environmental leadership is determined by comparing our performance to the EPA national drinking water industry average, and assessing how many times better we perform compared to the industry average"
Irrelevant,"Environmental Leadership 10.0% 13x (0.0%) 18x (10.0%) 26x (15.0%) 21x (11.9%) Environmental leadership is determined comparing our performance to the EPA national drinking water industry average, and assessing how many times better we perform compared to the industry average"
Irrelevant,"Environmental Leadership 10.0% 10x (0.0%) 20x (10.0%) 25x (15.0%) 20x (10.0%) Environmental leadership is determined by comparing our performance to the EPA national drinking water industry average, and assessing how many times better we perform compared to the industry average"
Irrelevant,"Rigorous processes and procedures to ensure compliance with all applicable environmental regulations, to meet sustainable development performance targets and to continuously reduce the environmental impact of the Company’s operations in the communities in which it operates People Development:"
Irrelevant,"Operational (absolute) Responsible Care The metrics below measure our success in meeting our goals for the health and safety of our employees, contractors and neighboring communities, while continuously improving on our environmental stewardship commitment by minimizing our environmental impact"
Irrelevant,"Occupational safety was measured as our lost time severity rate, which is ca lculated as the number of lost days x 200,000 and divided by the total man-hours worked; process safety wa s measured by severity score; and environmental responsibility was measured by the number o f environmental incidents"
Irrelevant,"Occupational safety was measured as our lost time severity rate, which is calculated as the number of lost days x 200,000 and divided by the total man-hours worked; process safety was measured by severity score; and environmental responsibility was measured by the number of our environmental incidents"
Irrelevant,"Setting aggressive environmental targets, including the goal of reducing carbon dioxide equivalent emissions by 50% by 2025 (from 2005 levels), levels that exceed goals outlined by the Paris Agreement, Clean Power Plan and Environmental Protection Agency’s Methane Challenge Program; and"
Irrelevant,"Mr. Belani’s 2014 objectives related to (a) new technology revenue; health, safety and environmental (HSE); asset material management; performance systems; and the IT transformation, each of which he achieved, and (b) field costs and non-productive time rate reduction, both of which he mainly achieved"
Irrelevant,"Attributable to an ongoing investment in energy efficient measures, stabilization of energy de mand, and equipment upgrades, Wynn Macau has reduced its energy consumption per square meter by 27% since 2015, resulting in the redu ction of Wynn Macau’s greenhouse gas emissions by over 13,000 metric tons"
Irrelevant,Occupational safety was measured by comparing employee time lost due to work-related injury or illness to total employee hours worked; process safety was measured in terms of the severity of the number of our operational incidents; and environment was measured by the number of our environmental incidents
Irrelevant,Environment (3% weight) below target            100.3% The performance for the stewardship (safety and environmental responsibility) metric was determined by the Committee’s quantitative assessment of the level of achievement for the three different stewardship objectives
Irrelevant,"To ensure our shareholders and other stakeholders have ready access to information regarding our impressive energy efficiency accomplishments and environmental record, as well as year-over-year GHG and other emissions data, we have expanded our voluntary disclosures on a redesigned and informative website"
Irrelevant,"Achieving this goal is important to long-term shareholder value, but it will require businesses to pursue aggressive clean energy management strategies, both by using energy more efficiently and by shifting to renewable energy, thus reducing emissions of greenhouse gases and harmful pollutants"
Irrelevant,Chevron’s Greenhouse Gas Management Activities have not adequately managed or reduced greenhouse gas emissions: Chevron’s 2015 operational emissions “target” of 57 million metric tons CO2 equivalent is higher than its 2014 emissions and is the same as the baseline established in 2010
Irrelevant,"minus energy efficiency costs (which includes mandated spending and tracked costs but excludes bonus achievement for the Minnesota conservation incentive program costs, energy efficiency costs, gas affordability program and any similar newly approved regulatory mechanisms);"
Irrelevant,"We continue to evolve our understanding of being a good environmental steward and regularly evaluate sustainability programs within our business, which has resulted in our implementation of a number of initiatives to conserve and reduce our energy consumption, waste production and overall impact on our planet"
Irrelevant,"We are the only company that has achieved EPA-approval of first-of-its- kind plans for simultaneous CO 2 injection and sequestration for EOR production operations, an important milestone in the development and commercialization of CCS technology as an approach for long-term management of greenhouse gas emissions"
Irrelevant,"Set new 2028 climate change goals which include lowering greenhouse gas emissions intensity (b) by 35% (a) Adjusted pro forma sales, operating profit margins, EBITDA ma rgins and earnings per share are non-GAAP measures prepared on a basis consistent with Article 11 and include certain n on-GAAP adjustments"
Irrelevant,"Moving to a system that accounts for resources in energy units, such as the internationally accepted standard British Thermal Units (BTU), instead of oil and gas, will create a new measure of successful operation and incentivize a stable transition to a climate-appropriate resource mix"
Irrelevant,"This performance was achieved despite significant production volume growth in our business, indicating significant efficiency improvements over this time period, including through best practice programs such as our Resource Conservation program, which scales best practices in water and energy efficiency throughout PepsiCo"
Irrelevant,"We are currently expanding our disclosure of how climate-related issues are relevant in our current governance, strategy and risk management practices, which practices are described further below, and evaluating enhancements to our scenario planning process to explicitly incorporate climate-related risks and opportunities"
Irrelevant,The Department of Energy’s Shale Gas Production Subcommittee recommended in 2011 that companies ‘adopt a more visible commitment to using quantitative measures as a means of achieving best practice and demonstrating to the public that there is continuous improvement in reducing the environmental impact of shale gas production.’
Irrelevant,"The combined output of Wynn Resorts’ solar projects will offset approximately 35,000 metric tons of greenhouse gas emissions, which is equivalent to the annual energy use of 5,243 residential homes:  – In December 2017, Wynn Las Vegas executed a 20 megawatt power purchase agre ement for a term of 7 years with Enel Green Power"
Irrelevant,"Lowered the environmental impact of our properties by achieving year over year reductions in greenhouse gas emissions of 11.5% (equivalent to removing 601 cars form the road), electrical usage of 11.4% (enough to power 643 homes for one year) and water consumption of 3% (enough to fill 9 Olympic size swimming pools)"
Irrelevant,"Substantial Carbon-free Energy Portfolio f Over 12,000 megawatts of carbon-free energy sources with approximately 8,500 megawatts of renewable energy and 3,700 of carbon-free nuclear generation.* Research and Development f Industry leader in conducting robust research, development and deployment of new, innovative energy technologies"
Irrelevant,"We continually update and enhance our website disclosures relating to climate risk strategy on our Environmental Stewardship web page, and in our Social Responsibility Report on our website – both of which we encourage you to read – to provide a better understanding of the breadth and depth of our climate-related planning and practices"
Irrelevant,"The Compensation Committee considers how each executive contributed to Omnicom’s substantial efforts to maximize diversity and inclusion, to achieve the highest levels of corporate social responsibility, including a commitment to environmental and individual community outreach initiatives, and to maintain a professional work-place environment"
Irrelevant,"The Compensation Committee considers how each executive contributed to Omnicom’s substantial efforts to maximize diversity and inclusion, to achieve the highest levels of corporate social responsibility, including a commitment to environmental and individual community outreach initiatives, and to maintain a professional work-place environment"
Irrelevant,"The Compensation Committee considers how each executive contributed to Omnicom’s substantial efforts to maximize diversity and inclusion, to achieve the highest levels of corporate social responsibility, including a commitment to environmental and individual community outreach initiatives, and to maintain a professional work-place environment"
Irrelevant,"These health, safety and environment (""HS E"") metrics were ambitious, as the Committee set a quantitative target and superior levels of performance for each of these metrics at levels that required year-over-year improvement, with no payout earned for an y one individual Stewardship metric if target performance for that metric was not achieved"
Irrelevant,"The Compensation Committee considers how each executive contributed to Omnicom’s substantial efforts to maximize diversity and inclusion, to achieve the highest levels of corporate social responsibility, including a commitment to environmental and individual community outreach initiatives, and to maintain a professional work-place environment"
Irrelevant,"The Compensation Committee considers how each executive contributed to Omnicom’s substantial efforts to maximize diversity and inclusion, to achieve the highest levels of corporate social responsibility, including a commitment to environmental and individual community outreach initiatives, and to maintain a professional work-place environment"
Irrelevant,"Health, Safety, Security, and Environmental: 5% Š Total Workforce Recordable Incident Rate (TRIR) of less than 0.89 .76 Above maximum 2.5 Š Total Workforce Days-Away-Restricted-Time Rate (DART) of less than 0.50 .37 Above maximum 2.5 Š Vehicle Incident Rate (VIR) of less than 1.06 .87 Above maximum 2.5 APACHE CORPORATION – 2016 Proxy Statement 41"
Irrelevant,"Performance criteria are goals consistent with the Company’s operating plan and include quantitative and qualitative metrics specific to each award unit, such as production, control of costs, health, safety and environmental performance, support of corporate initiatives, and various milestones set by management"
Irrelevant,"The Compensation Committee considers how each executive contributed to Omnicom’s substantial efforts to maximize diversity and inclusion, to achieve the highest levels of corporate social responsibility, including a commitment to environmental and individual community outreach initiatives, and to maintain a professional work-place environment"
Irrelevant,Safety was measured by comparing employee time lost due to work-related injury or illness to total employee hours worked; Process Safety was measured in terms of the number of our operational incidents over a pre-determined level of severity; and Environment was measured by the number of our environmental incidents over a pre-determined level of severity
Irrelevant,"Occidental recognizes the importance of economic and policy assessments taking place in many countries and among international organizations related to climate change, including the United Nations Framework Convention on Climate Change Paris Agreement to set a goal of limiting global warming to less than 2 degrees Celsius compared to pre-industrial levels"
Irrelevant,"Achieved Achieved              Network Transformation Coal Rationalization: Begin implementation of coal network rationalization plan by reducing approximately 150 - 200 miles of coal associated rail including yards, sidings and surplus track and explore collaboration with other railroads to reduce export coal port duplication and enable export market density"
Irrelevant,"12/14/2020 DEF 14A https://www.sec.gov/Archives/edgar/data/0001137774/000119312518092128/d503706ddef14a.htm 7/120 Eight global Green Teams organized community initiatives such as: Park Clean-Ups, Adopt-A-Highway Clean Up, Recycling Drives, and Lunch & Learn Sessions GREEN INVESTMENTS PGIM Investments invested in a diverse portfolio of “green” businesses in 2017"
Irrelevant,"Core Net Sales: Slightly lower year-over-year, impacted by lower sales in our Display Technologies segment due to price declines and softening in the television and IT device retail markets and the impact of the overall strengthening of the U.S. dollar on our Optical Communications, Environmental Technologies, and Life Sciences segments"
Irrelevant,"Additional flare efficiency projects to be implemented over the next few years – including the installation of nine new flare gas recovery systems – are expected to yield a 90 percent reduction in emissions of hazardous air pollutants, an 85 percent reduction in emissions of volatile organic compounds and a 60 percent reduction in emissions of GHGs from 2007 levels"
Irrelevant,"Non-financial objectives that could potentially increase or decrease the budgeted bonus pool for 2015 related to our environmental, health, and safety performance, including: (i) beating industry average incident rates; (ii) improving incident rates compared to our previous three-year averages; and (iii) experiencing no significant incidents in our operations or expansions"
Irrelevant,The measures and related weightings are as follows: 2018 STIP Measures Weight SAFETY COMPONENT (50%)  Public Safety  Diablo Canyon Power Plant Reliability and Safety Indicator  5% Public Safety Index  10% Gas Dig-ins Reduction  5% Gas In-Line Inspection and Upgrade Index  5% Asset Records Duration Index  10 % 2018 Joint Proxy Statement 52
Irrelevant,"Our Compensation Committee selected the two safety measures and the respective goals for them after discussion with our Chief Operating Officer and members of our Environmental, Health, Safety and Sustainable Development Committee about the operational goals for safety established for 2014 by management and the Environmental, Health, Safety and Sustainable Development Committee"
Irrelevant,"Cash Flow from Operations, excluding changes in nuclear decommissioning trust liability and changes in collateral deposits supporting energy risk management activities, less maintenance and environmental capital expenditures (net of financings) and including net payments to settle acquired derivatives that include financing elements and purchases and sales of emission allowances"
Irrelevant,"Cash Flow from Operations, excluding changes in nuclear decommissioning trust liability and changes in collateral deposits supporting energy risk management activities, less maintenance and environmental capital expenditures (net of financings) and including net payments to settle acquired derivatives that include financing elements and purchases and sales of emission allowances"
Irrelevant,"Since becoming Chief Executive Officer in July 2013, Ms. Good has led th development of our strategy (focused on modernizing the energy grid, generating cleaner energy and expanding our natural gas infrastructure), driven industry leading operational performance and guided us through several major transactions as we restructured our portfolio of businesses to reduce risk and improv returns"
Irrelevant,"(4) HSE goals generally were weighted one-half toward health and safety-related goals and one-half toward environmental-related goals, with the payout percentage being primarily based on input from the Health, Safety and Environment Committee as to its evaluation of Company performance in the areas of safety observations, safety investigations, training of personnel and environmental metrics"
Irrelevant,"Table of Contents (9) Performance indicators used by INPO including unit capability factor, forced loss rate, forced loss event, unplanned manual and automatic scrams, safety system performance, collective radiation exposure, chemistry effectiveness indicator, loss of shutdown cooling or decay heat removal events, fuel sustainability, and total industrial safety accident rate"
Irrelevant,"Include GHG goals for the full slate of petroleum products, co- products, and any other energy products that Chevron produces and aim to reduce the overall carbon intensity of Chevron’s total energy portfolio (measured in CO2-equivalent grams per unit of fuel energy sold), allowing Chevron to meet increasing demand for energy while reducing GHG emissions"
Irrelevant,"Performance Measure Weight Threshold Target Max % of Target Progress on Strategic and Corporate Initiatives 10% 50% 100% 200% 125% Effectiveness of Management 15% 50% 100% 200% 125% Our 2018 strategic initiatives included projects rela ted to market expansion with a focus on Denver and Sou theast Florida, further standardizing design and product pro tocols, increasing our focus on talent management, and 28"
Irrelevant,"For 2016, in order to specifically focus the NEOs on near-term goals related to controlling cash expenses and driving capital efficiency, the Compensation Committee determined not to utilize the safety, environmental, regulatory and compliance measure included as a Category II measure for 2015 and instead included safety, environmental, regulatory and compliance measures in the strategic measurement"
Irrelevant,"Other objectives that could potentially increase or decrease the budgeted bonus pool for 2017 related to (a) our environmental, health, and safety performance, including (i) beating industry average incident rates; (ii) improving incident rates compared to our previous three-year averages; and (iii) experiencing no significant incidents in our operations or expansions, and (b) a target consolidated leverage ratio of 5.4x"
Irrelevant,"Other objectives that could potentially increase or decrease the budgeted bonus pool for 2016 related to (a) our environmental, health, and safety performance, including (i) beating industry average incident rates; (ii) improving incident rates compared to our previous three-year averages; and (iii) experiencing no significant incidents in our operations or expansions, and (b) a target consolidated leverage ratio of 5.5x"
Irrelevant,"As noted above, AES has taken significant steps toward addressing climate change risks, as evidenced by our significant 17% reduction in carbon emissions since 2012, our ongoing projects aimed at further reducing emissions for a total of 20%-30% in the United States, our status as the world leader in zero emission battery-based energy storage and continued efforts to build this capacity, The AES Corporation Proxy Statement 67"
Irrelevant,"Maximizing value in our existing businesses, leveraging plant floor systems in our metal beverage facilities to improve efficiencies and reduce costs, implementing cost-out and value-in initiatives across all our businesses, and continuing our commitment to sustainability by balancing the economic, environmental and social impacts of our products and operations in our business decisions throughout the year;"
Irrelevant,"Mr. Lindsay’s award was based on his oversight of our sustainability efforts as articulated in our Environmental Sustainability Report; his involvement in implementation of the amended Engineering, Procurement and Construction Agreement relating to our new nuclear construction and establishment of a Dispute Resolution Board to resolve pricing disputes under the agreement; and his involvement in our response to proposed environmental regulations"
Irrelevant,"Therefore, we incorporate Although management may set internal targets for such elements multiple HSE metrics to comprehensively assess our performance, in accordance with the budget and strategic plans, review of this including Significant and High Risk Events, Major Process Safety measure and determination of performance success is made by the Events, Process Fluid Containment, Total Recordable Incident Rates HRCC"
Irrelevant,"Resolved: Shareholders request that the Board of Directors adopt long- term, quantitative, company-wide targets for reducing greenhouse gas emissions in products and operations that take into consideration the global commitment (as embodied in the Cancun Agreement) to limit warming to 2°C and issue a report by November 30, 2016, at reasonable cost and omitting proprietary information, on its plans to achieve these targets"
Irrelevant,"The customer goal was separated into two goals: service quality and customer satisfaction; environmental stewardship was separated into three goals: customer perception of environmental stewardship, notices of violation, or NOVs, and wastewater issues; safety was separated into three goals: near miss reporting, safety culture improvement and the OSHA recordable incident rate, or ORIR; and the people goal focused on enhancing strategy understanding and business literacy"
Irrelevant,"Measure Weight Target Goal Actual Results Actual % of Target 2017 Score Safety Serious Safety Incidents 10% No serious safety incidents, as measured by 0 occupational fatalities No serious safety incidents occurred among AES People n/a 100% Near Miss Reporting Reports filed timely, accurately, and mitigation plans executed Favorable to target n/a Proactive Safety Measures Achieve 2017 goals Exceeded safety walk and meeting goals n/a Financial 1 Adjusted EPS 15% $1.05 $1.08 103% 145%Prop"
Irrelevant,"technology, and other sustainable businesses  More than $22.5 million donated in 2017 to support nonprofits, universities, and community organizations focused on environmental sustainability, clean technology, environmental education, and strengthening community resiliency 42% reduction in absolute greenhouse emissions since 2008  56% increase in water efficiency since 2008  34% increase in energy efficiency since 2008 50  Wells Fargo & Company 2018 Proxy Statement"
Irrelevant,"(3) Any net loss attributable to an increase in the asbestos and environmental pollution reserves, and related adverse dividend or premium development, associated with accident years prior to 2000, and the after-tax impact of reserve strengthening and adverse dividend or premium development associated with asbestos and environmental pollution reserves covered under CNA’s 2010 loss portfolio transfer which is not offset by losses ceded in that transaction due to retroactive reinsurance accounting"
Irrelevant,"strategic initiatives (including new technology and product development and commercialization and productivity improvements and Fibers business changes) Exceeded Senior management and leadership development Met Employee safety and wellness Met partially David A. Golden Legal, intellectual property, regulatory, health, safety, and environment, and corporate compliance support of organic and inorganic growth projects (including new product and technology initiatives and cost reduction and productivity initiatives) Met"
